source_run_id,execution_id,source_id,source_name,source_profile_id,source_group_id,independence_group_id,source_type,source_tier,source_status_at_run,acquisition_channel_id,recipe_id,content_domain_tags,access_mode,access_permission_status,usage_restriction,requested_at,retrieved_at,publication_time,business_time_start,business_time_end,source_locator,raw_artifact_ref,content_hash,retrieval_status,quality_status,directness,traceability,independence,time_relevance,scope_match,license_scope,notes
SR-01,EXEC-USIRAN-NEG-SEMI-20260709-1,SRC-01,AP News,SP-APNEWS,SG-NEWS,IG-NEWS-INTL,news,S3,active,AC-WEB-NEWS,REC-A01,geopolitical|negotiation,public_web,granted,不得外推为厂侧硬数据,2026-07-09T16:00:00+08:00,2026-07-09T16:00:00+08:00,2026-07-09T08:00:00Z,2026-07-01,2026-07-09,https://apnews.com/article/us-iran-ceasefire-rhetoric-2026-07-09,artifacts/SR-01.html,,success,accepted,direct,url,independent,current,matched,public,
SR-02,EXEC-USIRAN-NEG-SEMI-20260709-1,SRC-02,Axios,SP-AXIOS,SG-NEWS,IG-NEWS-INTL,news,S3,active,AC-WEB-NEWS,REC-A01,geopolitical|shipping,public_web,granted,不得外推为厂侧硬数据,2026-07-09T16:00:00+08:00,2026-07-09T16:00:00+08:00,2026-07-09T10:30:00Z,2026-07-01,2026-07-09,https://www.axios.com/2026/07/09/iran-hormuz-mou-unraveling,artifacts/SR-02.html,,success,accepted,direct,url,independent,current,matched,public,
SR-03,EXEC-USIRAN-NEG-SEMI-20260709-1,SRC-03,AP News,SP-APNEWS,SG-NEWS,IG-NEWS-INTL,news,S3,active,AC-WEB-NEWS,REC-A01,shipping|negotiation,public_web,granted,不得外推为厂侧硬数据,2026-07-09T16:00:00+08:00,2026-07-09T16:00:00+08:00,2026-07-09T12:00:00Z,2026-07-01,2026-07-09,https://apnews.com/article/hormuz-negotiations-focal-2026-07-09,artifacts/SR-03.html,,success,accepted,direct,url,independent,current,matched,public,
SR-04,EXEC-USIRAN-NEG-SEMI-20260709-1,SRC-04,公开市场指数,SP-MARKET,SG-OTHER,IG-RESEARCH,research,S4,active,AC-MARKET,REC-A01,valuation,public_web,granted,不得外推为厂侧硬数据,2026-07-09T16:00:00+08:00,2026-07-09T16:00:00+08:00,2026-07-09T15:00:00+08:00,2026-07-01,2026-07-09,SSE:半导体指数,artifacts/SR-04.html,,success,accepted,direct,url,independent,current,matched,public,
SR-05,EXEC-USIRAN-NEG-SEMI-20260709-1,SRC-05,GEP Hormuz Advisory,SP-GEP,SG-OTHER,IG-RESEARCH,research,S4,active,AC-ADVISORY,REC-A01,helium|procurement,public_web,granted,不得外推为厂侧硬数据,2026-07-09T16:00:00+08:00,2026-07-09T16:00:00+08:00,2026-07-08T00:00:00Z,2026-07-01,2026-07-09,https://www.gep.com/blog/mind/helium-hormuz-ceasefire,artifacts/SR-05.html,,success,accepted,direct,url,independent,current,matched,public,
SR-06,EXEC-USIRAN-NEG-SEMI-20260709-1,SRC-06,LightSource Blog,SP-LIGHTSOURCE,SG-OTHER,IG-RESEARCH,research,S4,active,AC-ADVISORY,REC-A01,semiconductor|helium,public_web,granted,不得外推为厂侧硬数据,2026-07-09T16:00:00+08:00,2026-07-09T16:00:00+08:00,2026-07-07T00:00:00Z,2026-07-01,2026-07-09,https://lightsource.ai/blog/helium-semiconductor-supply-2026,artifacts/SR-06.html,,success,accepted,direct,url,independent,current,matched,public,
SR-07,EXEC-USIRAN-NEG-SEMI-20260709-1,SRC-07,中文行业媒体,SP-CN-MEDIA,SG-OTHER,IG-RESEARCH,research,S5,active,AC-WEB-NEWS,REC-A01,semiconductor|china,public_web,granted,不得外推为厂侧硬数据,2026-07-09T16:00:00+08:00,2026-07-09T16:00:00+08:00,2026-07-05T00:00:00+08:00,2026-07-01,2026-07-09,https://example.cn/semi/china-segments-2026,artifacts/SR-07.html,,success,accepted,direct,url,independent,current,matched,public,
SR-08,EXEC-USIRAN-NEG-SEMI-20260709-1,SRC-08,交易所公司披露,SP-FILING,SG-OTHER,IG-RESEARCH,research,S1,active,AC-FILING,REC-A01,financial,public_web,granted,不得外推为厂侧硬数据,2026-07-09T16:00:00+08:00,2026-07-09T16:00:00+08:00,2026-07-09T00:00:00+08:00,2026-07-01,2026-07-09,filing-search:no-match-2026Q2,artifacts/SR-08.html,,no_match,rejected,direct,url,independent,current,matched,public,
SR-09,EXEC-USIRAN-NEG-SEMI-20260709-1,SRC-09,SEMI Industry Association,SP-SEMI,SG-IND,IG-RESEARCH,research,S4,active,AC-ADVISORY,REC-A05,equipment|manufacturing|osat|design,public_web,granted,汇总层不得外推为单厂精确产量,2026-07-09T16:00:00+08:00,2026-07-09T16:00:00+08:00,2026-07-06T00:00:00Z,2026-04-01,2026-06-30,https://www.semi.org/en/news-media/semi-press-releases,artifacts/SR-09.html,,success,accepted,indirect,url,independent,current,matched,public,Q2设备订单与产能利用摘要
