source_profile_id,execution_id,source_name,source_tier,source_category,authority_type,typical_content_domains,allowed_claim_types,forbidden_use,default_reliability,independence_group,access_scope_default,common_limitations,notes
SP-APNEWS,EXEC-USIRAN-NEG-SEMI-20260709-1,AP News,S3,news,wire_service,geopolitical|negotiation,reported_fact|background,单独确认全部谈判细节,medium,IG-NEWS-INTL,public_web,转述需交叉,
SP-AXIOS,EXEC-USIRAN-NEG-SEMI-20260709-1,Axios,S3,news,political_reporting,geopolitical|shipping,reported_fact|analysis,替代官方文本,medium,IG-NEWS-INTL,public_web,政策解读层,
SP-GEP,EXEC-USIRAN-NEG-SEMI-20260709-1,GEP Hormuz Advisory,S4,research,supply_chain_advisory,helium|procurement,estimate|analysis,厂侧硬数据,medium,IG-RESEARCH,public_summary,采购视角,
SP-LIGHTSOURCE,EXEC-USIRAN-NEG-SEMI-20260709-1,LightSource Blog,S4,research,industry_analysis,semiconductor|helium,analysis|scenario,精确产量,medium,IG-RESEARCH,public_web,情景推演,
SP-FITCH,EXEC-USIRAN-NEG-SEMI-20260709-1,Fitch Ratings,S4,research,rating_agency,exposure,estimate,替代披露,medium,IG-RESEARCH,public_summary,摘要,
SP-MARKET,EXEC-USIRAN-NEG-SEMI-20260709-1,公开市场指数,S4,market_data,index,valuation,data_point,基本面确认,medium,IG-MARKET,licensed_or_public,仅定价反应,
SP-CN-MEDIA,EXEC-USIRAN-NEG-SEMI-20260709-1,中文行业媒体,S5,media,secondary,semiconductor|china,analysis,精确测算,low,IG-CN,public_web,转述,
SP-FILING,EXEC-USIRAN-NEG-SEMI-20260709-1,交易所公司披露,S1,filing,regulatory_filing,financial,disclosure,无,high,IG-FILING,public_filing,披露滞后,
SP-SEMI,EXEC-USIRAN-NEG-SEMI-20260709-1,SEMI Industry Association,S4,research,industry_association,equipment|manufacturing|osat,data_point|analysis,替代公司披露,medium,IG-RESEARCH,public_summary,汇总层非厂侧,设备订单与产能利用汇总
