gap_id,execution_id,gap_type,requirement_id,linked_judgment_unit_ids,path_id,node_id,affected_target_type,affected_target_id,material_unit,description,severity,priority,impact_on_reasoning,impact_on_05,allowed_04_output_after_gap,blocks_04_output,attempted_source_ids,preferred_evidence_to_add,acceptable_proxy,upgrade_condition,suggested_next_step,return_action,status,notes
GAP-01,EXEC-USIRAN-NEG-SEMI-20260709-1,evidence,ER-01,JU-01,P-01,N-01,judgment_unit,JU-01,,MOU原文与官方声明未获,medium,high,限制谈判细节确认,,directional_only,false,SRC-01|SRC-02,官方文本,false,获MOU条款,补官方来源,,open,
GAP-02,EXEC-USIRAN-NEG-SEMI-20260709-1,coverage,ER-02,JU-02,P-01,N-02,state_variable,SV-SECTOR-PRICE,,仅单一指数代理,low,medium,情绪通道强度受限,,directional_only,false,SRC-04,多指数,true,多指数对齐,补全球半导体指数,,open,
GAP-03,EXEC-USIRAN-NEG-SEMI-20260709-1,path,ER-03,JU-03,P-02,N-03,path_node,N-03,,缺航运硬统计验证通航,high,high,实物流滞后判断受限,,directional_only,false,SRC-02|SRC-03,航运数据,false,通航统计,补航运API,,open,
GAP-04,EXEC-USIRAN-NEG-SEMI-20260709-1,proxy,ER-05,JU-04,P-02,N-05,judgment_unit,JU-04,,材料交期缺厂侧硬数据,medium,medium,全链分化仅条件性,,conditional_only,false,SRC-05|SRC-06,交期订单,true,两环节硬数据,补行业订单,,open,
GAP-05,EXEC-USIRAN-NEG-SEMI-20260709-1,coverage,ER-05,JU-04,P-02,N-05,state_variable,SV-EQP-ORDER,,设备封测设计环节无观测,high,high,五环节分化不完整,,conditional_only,false,,环节订单,true,两环节覆盖,补设备订单,,open,
GAP-06,EXEC-USIRAN-NEG-SEMI-20260709-1,other,ER-06,JU-05,P-03,N-06,judgment_unit,JU-05,,情景边界依赖咨询框架,low,low,情景非硬预测,,conditional_only,false,SRC-06,触发信号清单,false,两情景各一组信号,补触发指标,,open,
GAP-07,EXEC-USIRAN-NEG-SEMI-20260709-1,source,ER-07,JU-06,P-03,N-07,judgment_unit,JU-06,,中国三类证据偏转述,medium,medium,外推受限,,directional_only,false,SRC-07,公司披露,true,三类各有披露,补A股披露,,open,
GAP-08,EXEC-USIRAN-NEG-SEMI-20260709-1,evidence,ER-08,JU-07,P-03,N-08,judgment_unit,JU-07,,无fab精确产量收入披露,high,high,精确量化停止,,insufficient,true,SRC-08,季报披露,false,S1披露匹配,保持停止,,accepted,
GAP-09,EXEC-USIRAN-NEG-SEMI-20260709-1,05_material,ER-02,JU-02,P-01,N-02,05_material,chart_main,chart_main,缺多时点指数序列,medium,medium,,主图仅单点波动,directional_only,false,SRC-04,5日序列,true,time_points>=5,补指数历史,,open,
